title,price,vendor,link,image
Áo Sơ Mi Nam Họa Tiết Aristino Perfect Fit ASS507SAH2,"1,250,000₫",Aristino,https://aristino.comhttps://aristino.com/products/ao-so-mi-nam-hoa-tiet-aristino-perfect-fit-ass507sah2,https://cdn.hstatic.net/products/200000887901/img_5896.1_79dac8bc14d842148a4a72f3b8a54192_grande.jpg
Áo Sơ Mi Nam Kẻ Xám Aristino Regular Fit ASS616EDP01,"1,050,000₫",Aristino,https://aristino.comhttps://aristino.com/products/ao-so-mi-nam-ke-xam-aristino-perfect-fit-ass616edp01,https://cdn.hstatic.net/products/200000887901/img_6469.1_87f6b2dc650447e4bae2222a1eaaebed_grande.jpg
Áo Sơ Mi Nam Kẻ Nâu Aristino Regular Fit ASS612EDP01,"1,050,000₫",Aristino,https://aristino.comhttps://aristino.com/products/ao-so-mi-nam-ke-nau-aristino-perfect-fit-ass612edp01,https://cdn.hstatic.net/products/200000887901/img_6480.1_42c95cb60920442082e3bfdc9c378f6d_grande.jpg
Áo Sơ Mi Nam Kẻ Trắng Aristino Slim Fit ASS502SAH2,"1,200,000₫",Aristino,https://aristino.comhttps://aristino.com/products/ao-so-mi-nam-ke-trang-aristino-slim-fit-ass502sah2,https://cdn.hstatic.net/products/200000887901/dsc03665_c0e91256994e481985f23c13b94dd526_grande.jpg
Áo Sơ Mi Nam Kẻ Trắng Aristino Slim Fit ASS619EDP01,"1,150,000₫",Aristino,https://aristino.comhttps://aristino.com/products/ao-so-mi-nam-ke-trang-aristino-slim-fit-ass619edp01,https://cdn.hstatic.net/products/200000887901/img_6459.1_3a2aaa6af26841029197e4cc469d8130_grande.jpg
Áo Sơ Mi Nam Kẻ Xám Aristino Slim Fit ASS510SAH2,"1,100,000₫",Aristino,https://aristino.comhttps://aristino.com/products/ao-so-mi-nam-ke-xam-aristino-slim-fit-ass510sah2,https://cdn.hstatic.net/products/200000887901/dsc04151_copy_69f67ad621c64f9f97e1f692cebc151d_grande.jpg
Áo Polo Nam Họa Tiết Cotton Aristino APSU10S0H4,"1,250,000₫",Aristino,https://aristino.comhttps://aristino.com/products/ao-polo-nam-hoa-tiet-cotton-aristino-apsu10s0h4,https://cdn.hstatic.net/products/200000887901/dsc05348_6d4267d1b0614487810c5007f1732a44_grande.jpg
Áo Polo Nam Họa Tiết Cotton Aristino APSU19S0H4,"1,250,000₫",Aristino,https://aristino.comhttps://aristino.com/products/ao-polo-nam-hoa-tiet-cotton-aristino-apsu19s0h4,https://cdn.hstatic.net/products/200000887901/dsc03868_copy_96d009ce1cf34e168aab4c3301f1fb3b_grande.jpg
Áo Polo Nam Họa Tiết Cotton Aristino APSU17S0H4,"1,250,000₫",Aristino,https://aristino.comhttps://aristino.com/products/ao-polo-nam-hoa-tiet-cotton-aristino-apsu17s0h4,https://cdn.hstatic.net/products/200000887901/dsc03954_copy_60aafd4ace994ee484d0b8123d9ad4ca_grande.jpg
Áo Polo Nam Họa Tiết Cotton Aristino APSU18S0H4,"1,250,000₫",Aristino,https://aristino.comhttps://aristino.com/products/ao-polo-nam-hoa-tiet-cotton-aristino-apsu18s0h4,https://cdn.hstatic.net/products/200000887901/dsc04060_copy_43b8cdc51ac24b5baf21204169b4a113_grande.jpg
Áo Polo Nam Kẻ Aristino Regular APS602EDP01,"950,000₫",Aristino,https://aristino.comhttps://aristino.com/products/ao-polo-nam-ke-aristino-regular-aps602edp01,https://cdn.hstatic.net/products/200000887901/dsc03737_copy_508547711a094dd1913e0fec250ff2ec_ee8e10342a30429d81f0bb4a5e1025e3_grande.jpg
Áo Polo Nam Jacquard Aristino APS207SAH2,"895,000₫",Aristino,https://aristino.comhttps://aristino.com/products/ao-polo-nam-jacquard-aristino-aps207sah2,https://cdn.hstatic.net/products/200000887901/dsc04032_copy_bc947a4c83454bbfbb6cdcb52da31150_grande.jpg
Áo Polo Nam Mercerized Cotton Aristino APS202SAH2,"1,250,000₫",Aristino,https://aristino.comhttps://aristino.com/products/ao-polo-nam-mercerized-cotton-aristino-aps202sah2,"data:image/png;base64,iVBORw0KGgoAAAANSUhEUgAAAAEAAAABCAQAAAC1HAwCAAAAC0lEQVR42mNkYAAAAAYAAjCB0C8AAAAASUVORK5CYII="
Áo Khoác Len Nam Họa Tiết Aristino Business 1WJU02BS0,"6,850,000₫",Aristino Business,https://aristino.comhttps://aristino.com/products/ao-khoac-len-nam-hoa-tiet-aristino-business-1wju02bs0,"data:image/png;base64,iVBORw0KGgoAAAANSUhEUgAAAAEAAAABCAQAAAC1HAwCAAAAC0lEQVR42mNkYAAAAAYAAjCB0C8AAAAASUVORK5CYII="
Áo Polo Nam Aristino Business Regular 1PSU020S0,"3,500,000₫",Aristino Business,https://aristino.comhttps://aristino.com/products/ao-polo-nam-aristino-business-regular-1psu020s0,"data:image/png;base64,iVBORw0KGgoAAAANSUhEUgAAAAEAAAABCAQAAAC1HAwCAAAAC0lEQVR42mNkYAAAAAYAAjCB0C8AAAAASUVORK5CYII="
Áo Polo Nam Kẻ Jacquard Aristino Slim APS021FAH2,"850,000₫",Aristino,https://aristino.comhttps://aristino.com/products/ao-polo-nam-ke-jacquard-aristino-slim-aps021fah2,"data:image/png;base64,iVBORw0KGgoAAAANSUhEUgAAAAEAAAABCAQAAAC1HAwCAAAAC0lEQVR42mNkYAAAAAYAAjCB0C8AAAAASUVORK5CYII="
Áo Polo Nam Kẻ Jacquard Aristino Slim APS032FAH2,"695,000₫",Aristino,https://aristino.comhttps://aristino.com/products/ao-polo-nam-ke-jacquard-aristino-slim-aps032fah2,"data:image/png;base64,iVBORw0KGgoAAAANSUhEUgAAAAEAAAABCAQAAAC1HAwCAAAAC0lEQVR42mNkYAAAAAYAAjCB0C8AAAAASUVORK5CYII="
Áo Polo Nam Kẻ Jacquard Aristino Slim APS033FAH2,"695,000₫",Aristino,https://aristino.comhttps://aristino.com/products/ao-polo-nam-ke-jacquard-aristino-slim-aps033fah2,"data:image/png;base64,iVBORw0KGgoAAAANSUhEUgAAAAEAAAABCAQAAAC1HAwCAAAAC0lEQVR42mNkYAAAAAYAAjCB0C8AAAAASUVORK5CYII="
Áo Polo Nam Kẻ Jacquard Aristino Slim APS020FAH2,"850,000₫",Aristino,https://aristino.comhttps://aristino.com/products/ao-polo-nam-ke-jacquard-aristino-slim-aps020fah2,"data:image/png;base64,iVBORw0KGgoAAAANSUhEUgAAAAEAAAABCAQAAAC1HAwCAAAAC0lEQVR42mNkYAAAAAYAAjCB0C8AAAAASUVORK5CYII="
Áo Polo Nam Nâu Thêu Aristino APS200SAH2,"1,050,000₫",Aristino,https://aristino.comhttps://aristino.com/products/ao-polo-nam-nau-theu-aristino-aps200sah2,"data:image/png;base64,iVBORw0KGgoAAAANSUhEUgAAAAEAAAABCAQAAAC1HAwCAAAAC0lEQVR42mNkYAAAAAYAAjCB0C8AAAAASUVORK5CYII="
Áo Khoác Da Thật Nam Đen Aristino Business 1LJ006BS0,"17,500,000₫",Aristino Business,https://aristino.comhttps://aristino.com/products/ao-khoac-da-that-nam-den-aristino-business-1lj006bs0,"data:image/png;base64,iVBORw0KGgoAAAANSUhEUgAAAAEAAAABCAQAAAC1HAwCAAAAC0lEQVR42mNkYAAAAAYAAjCB0C8AAAAASUVORK5CYII="
Áo Khoác Da lộn Nam Nâu In Aristino Regular Fit AJK607EDP01,"2,400,000₫",Aristino,https://aristino.comhttps://aristino.com/products/ao-khoac-da-lon-nam-nau-in-aristino-regular-fit-ajk607edp01,"data:image/png;base64,iVBORw0KGgoAAAANSUhEUgAAAAEAAAABCAQAAAC1HAwCAAAAC0lEQVR42mNkYAAAAAYAAjCB0C8AAAAASUVORK5CYII="
Áo Polo Nam Solid Aristino Slim APSR01F,"650,000₫",Aristino,https://aristino.comhttps://aristino.com/products/ao-polo-nam-solid-aristino-slim-apsr01f,"data:image/png;base64,iVBORw0KGgoAAAANSUhEUgAAAAEAAAABCAQAAAC1HAwCAAAAC0lEQVR42mNkYAAAAAYAAjCB0C8AAAAASUVORK5CYII="
Áo Polo Nam Xanh Cổ Vịt Aristino Regular Fit APS010EDP01,"795,000₫",Aristino,https://aristino.comhttps://aristino.com/products/ao-polo-nam-xanh-co-vit-aristino-regular-fit-aps010edp01,"data:image/png;base64,iVBORw0KGgoAAAANSUhEUgAAAAEAAAABCAQAAAC1HAwCAAAAC0lEQVR42mNkYAAAAAYAAjCB0C8AAAAASUVORK5CYII="
Áo Sơ Mi Nam Họa Tiết Aristino Business 1SS012SAH2,"1,450,000₫",Aristino Business,https://aristino.comhttps://aristino.com/products/ao-so-mi-nam-hoa-tiet-aristino-business-1ss012sah2,"data:image/png;base64,iVBORw0KGgoAAAANSUhEUgAAAAEAAAABCAQAAAC1HAwCAAAAC0lEQVR42mNkYAAAAAYAAjCB0C8AAAAASUVORK5CYII="
Áo Sơ Mi Nam Kẻ Bamboo Aristino ALS408S0H2,"1,100,000₫",Aristino,https://aristino.comhttps://aristino.com/products/ao-so-mi-nam-ke-bamboo-aristino-als408s0h2,"data:image/png;base64,iVBORw0KGgoAAAANSUhEUgAAAAEAAAABCAQAAAC1HAwCAAAAC0lEQVR42mNkYAAAAAYAAjCB0C8AAAAASUVORK5CYII="
Áo Sơ Mi Nam In Aristino Business 1SS020SAH2,"1,550,000₫",Aristino Business,https://aristino.comhttps://aristino.com/products/ao-so-mi-nam-in-aristino-business-1ss020sah2,"data:image/png;base64,iVBORw0KGgoAAAANSUhEUgAAAAEAAAABCAQAAAC1HAwCAAAAC0lEQVR42mNkYAAAAAYAAjCB0C8AAAAASUVORK5CYII="
Áo Sơ Mi Nam Xanh Biển Solid Aristino Business 1SSR25S,"1,295,000₫",Aristino Business,https://aristino.comhttps://aristino.com/products/ao-so-mi-nam-xanh-bien-solid-aristino-business-1ssr25s,"data:image/png;base64,iVBORw0KGgoAAAANSUhEUgAAAAEAAAABCAQAAAC1HAwCAAAAC0lEQVR42mNkYAAAAAYAAjCB0C8AAAAASUVORK5CYII="
Áo Sơ Mi Nam Trắng Solid Aristino Business 1LSR26S,"1,550,000₫",Aristino Business,https://aristino.comhttps://aristino.com/products/ao-so-mi-nam-trang-solid-aristino-business-1lsr26s,"data:image/png;base64,iVBORw0KGgoAAAANSUhEUgAAAAEAAAABCAQAAAC1HAwCAAAAC0lEQVR42mNkYAAAAAYAAjCB0C8AAAAASUVORK5CYII="
Áo Sơ Mi Nam Họa Tiết Aristino Slim Fit ASS520SAH2,"995,000₫",Aristino,https://aristino.comhttps://aristino.com/products/ao-so-mi-nam-hoa-tiet-aristino-slim-fit-ass520sah2,"data:image/png;base64,iVBORw0KGgoAAAANSUhEUgAAAAEAAAABCAQAAAC1HAwCAAAAC0lEQVR42mNkYAAAAAYAAjCB0C8AAAAASUVORK5CYII="
Áo Sơ Mi Nam In Aristino Perfect Fit ASS008FAH2,"1,100,000₫",Aristino,https://aristino.comhttps://aristino.com/products/ao-so-mi-nam-in-aristino-perfect-fit-ass008fah2,"data:image/png;base64,iVBORw0KGgoAAAANSUhEUgAAAAEAAAABCAQAAAC1HAwCAAAAC0lEQVR42mNkYAAAAAYAAjCB0C8AAAAASUVORK5CYII="
Áo Sơ Mi Nam Họa Tiết Aristino Perfect Fit ASS519SAH2,"1,050,000₫",Aristino,https://aristino.comhttps://aristino.com/products/ao-so-mi-nam-hoa-tiet-aristino-perfect-fit-ass519sah2,"data:image/png;base64,iVBORw0KGgoAAAANSUhEUgAAAAEAAAABCAQAAAC1HAwCAAAAC0lEQVR42mNkYAAAAAYAAjCB0C8AAAAASUVORK5CYII="
Áo Sơ Mi Nam In Aristino Perfect Fit ASS033FAH2,"1,100,000₫",Aristino,https://aristino.comhttps://aristino.com/products/ao-so-mi-nam-in-aristino-perfect-fit-ass033fah2,"data:image/png;base64,iVBORw0KGgoAAAANSUhEUgAAAAEAAAABCAQAAAC1HAwCAAAAC0lEQVR42mNkYAAAAAYAAjCB0C8AAAAASUVORK5CYII="
Áo Sơ Mi Nam In Aristino Slim Fit ASS039FAH2,"995,000₫",Aristino,https://aristino.comhttps://aristino.com/products/ao-so-mi-nam-in-aristino-slim-fit-ass039fah2,https://cdn.hstatic.net/products/200000887901/dsc00555_d76fe1483075492b856976bd63ed7a26_grande.jpg
Áo Sơ Mi Nam Kẻ Cam Aristino Business 1LS005S0H2,"1,550,000₫",Aristino Business,https://aristino.comhttps://aristino.com/products/ao-so-mi-nam-ke-cam-aristino-business-1ls005s0h2,https://cdn.hstatic.net/products/200000887901/dsc02446_f6cdc1c5e2604b1ba846eb51d5519590_grande.jpg
Áo Sơ Mi Nam Kẻ Xanh Aristino Regular Fit ASS521SAH2,"995,000₫",Aristino,https://aristino.comhttps://aristino.com/products/ao-so-mi-nam-ke-xanh-aristino-regular-fit-ass521sah2,https://cdn.hstatic.net/products/200000887901/dsc00528_e443b85d6e1d40689c557b8d453f0ba2_grande.jpg
